"","chromosome","position","p.value.none","p.value.all","p.value.isva","p.value.sva","coefficient.none","coefficient.all","coefficient.isva","coefficient.sva"
"cg10122294","chr1",231765076,5.6387230207418e-07,2.73366996995659e-06,1.68796188568204e-06,1.55535412180041e-05,-0.00130945728955775,-0.00123465842050616,-0.001286225116276,-0.00113129775340848
"cg24037715","chr14",35203968,2.15129950702497e-05,8.0066268303894e-06,7.51010013903611e-05,0.000880955860354961,-0.000904488862351325,-0.000949572679110079,-0.000785471299610468,-0.000647850863558051
"cg08620313","chr16",55868432,1.99650412305116e-05,4.33517502748472e-06,4.41066580791831e-07,3.35085279942493e-07,-0.000835362227964834,-0.000879419754232638,-0.00099719417975616,-0.000972330219324849
"cg09503780","chr2",171786316,0.00133037691399562,0.00246881256094332,2.06914817457913e-06,4.46941664088491e-05,6.79903111818909e-05,6.12128686804791e-05,8.84060740118601e-05,7.39467735702028e-05
